Flag,Vessel Name,Destination Port,Reported Eta,Reported Destination,Current Port,Imo,Vessel Type - Generic,Time Of Latest Position,Latitude,Longitude,Speed,Draught,Origin Port,Max Speed,Average Speed,Load Condition,Distance Travelled,Distance To Go,Calculated Eta,Previous To Origin Port,Idle Time While Underway,Voyage State,Capacity - Dwt,Mmsi,Global Area,Local Area,Status,Eni,Course,Navigational Status,Built,Length,Width,Current Port Unlocode,Current Port Country,Callsign,Wind Temp,Wind Angle,Wind Speed,Vessel Timezone,Previous To Origin Port Unlocode,Previous To Origin Port Country,Previous To Origin Port Atd,Origin Port Atd,Origin Port Country,Origin Port Unlocode,Destination Port Unlocode,Destination Port Country,Rate Of Turn,Heading,Last Underway Timestamp
Germany,BERLIN EXPRESS,TANGER MED,2025-05-21 02:00:00,MYTPP>MAPTM,,9540118,Cargo,2025-05-21 01:09:12,35.917667,-5.6923385,9.3,16.4,TANJUNG PELEPAS,20.200001,14.7,Laden,10717,4,2025-05-21 02:19:00,SHANGHAI,0.2,Normal Speed Transiting,230000,211119000,UKC - UK Coast & Atlantic,Gibraltar,ACTIVE,0.0,90,Underway using Engine,2023,400.0,61.0,,,DIVZ2,18.0,115.0,8.0,0.0,CNSHG,CN,2025-04-16 23:26:00,2025-04-24 23:27:00,MY,MYTPP,MAPTM,MA,0.0,90.0,2025-05-21 01:00:00
Singapore,EVER ACME,ROTTERDAM,2025-05-20 00:01:00,DE HAM > NL RTM,HAMBURG,9943267,Cargo,2025-05-21 00:08:17,53.530579,9.9179153,0.0,12.6,FELIXSTOWE,17.299999,12.6,Partially Laden,401,318,2025-05-21 09:41:00,ROTTERDAM MAASVLAKTE,1.7,In port,241816,563176600,UKC - UK Coast & Atlantic,Elbe River,ACTIVE,0.0,1,Moored,2022,400.0,61.5,DEHAM,DE,9V7305,,,,2.0,NLMSV,NL,2025-05-15 00:27:00,2025-05-17 23:47:00,GB,GBFXT,NLRTM,NL,0.0,304.0,2025-05-20 07:45:00
Hong Kong,PACIFIC VITALITY,YANGZHOU,2025-05-22 04:00:00,YANGZHOU,,9913236,Cargo,2025-05-21 01:08:43,25.86187,120.51296,13.1,7.4,FANGCHENG,14.6,13.3,In Ballast,858,522,2025-05-22 17:22:00,PISCO,0.0,Normal Speed Transiting,61670,477836200,SCHINA - South China,East China Sea,ACTIVE,0.0,23,Underway using Engine,2022,199.9,32.0,,,VRUU4,25.0,219.0,18.0,8.0,PEPIO,PE,2025-04-06 11:04:00,2025-05-18 06:39:00,CN,CNFAN,CNYZH,CN,0.0,20.0,2025-05-21 00:57:00
Hong Kong,COSCO SHIPPING LEO,ROTTERDAM,2025-06-03 01:00:00,NL RTM,,9783502,Cargo,2025-05-21 00:09:09,-23.663849,8.8458853,17.7,15.2,SINGAPORE,21.5,17.4,Laden,6419,5372,2025-06-02 21:29:00,NINGBO,0.0,Normal Speed Transiting,197061,477157800,WAFR - West Africa,West Africa,ACTIVE,0.0,324,Underway using Engine,2018,400.0,58.8,,,VRRO4,18.0,140.0,26.0,1.0,CNNBG,CN,2025-04-29 10:43:00,2025-05-05 09:07:00,SG,SGSIN,NLRTM,NL,4.0,325.0,2025-05-21 00:03:00
Singapore,HAFNIA PACIFIC,VENTSPILS,2025-05-16 00:00:00,NOMON>LVVNT,VENTSPILS,9810226,Tanker,2025-05-21 01:03:19,57.399933,21.545425,0.0,11.3,MONGSTAD,14.5,8.8999996,Laden,1039,0,,ROTTERDAM BOTLEK,4.4,Arrived at Destination Port,49686,563195400,BALTIC - Baltic Sea,Baltic Sea,ACTIVE,0.0,61,Moored,2017,183.2,32.0,LVVNT,LV,9V8928,7.0,309.0,8.0,3.0,NLBOT,NL,2025-05-06 10:46:00,2025-05-12 23:19:00,NO,NOMON,LVVNT,LV,0.0,286.0,2025-05-16 15:09:00
Liberia,NORD VALKYRIE,,1900-01-01 00:00:00,FI,PORVOO,9893773,Tanker,2025-05-21 00:12:16,60.312054,25.556902,0.0,7.0,HAMBURG,16.5,9.3999996,,1172,0,,ROTTERDAM BOTLEK,4.6,Tugging,50000,636019927,BALTIC - Baltic Sea,Finland Gulf,ACTIVE,0.0,52,Moored,2021,183.1,32.0,FIPRV,FI,D5WV2,6.0,311.0,9.0,3.0,NLBOT,NL,2025-05-06 21:33:00,2025-05-11 07:29:00,DE,DEHAM,,,0.0,311.0,2025-05-20 18:10:00
Liberia,ONE INSPIRATION,VUNG TAU,2025-05-23 15:00:00,VNVUT,YANTIAN,9939149,Cargo,2025-05-21 01:02:27,22.56982,114.29316,2.0,15.4,KAOHSIUNG,17.799999,11.7,Laden,345,0,,NINGBO,1.5,Tugging,224983,636023348,SCHINA - South China,South China,ACTIVE,0.0,128,Underway using Engine,2023,399.9,61.0,CNYTN,CN,5LNG9,,,,8.0,CNNBG,CN,2025-05-15 16:07:00,2025-05-18 15:45:00,TW,TWKHH,VNVUT,VN,-1.0,131.0,2025-05-19 13:33:00
Panama,NYK ORION,ROTTERDAM,2025-05-23 03:30:00,NLRTM,,9312999,Cargo,2025-05-21 01:07:40,46.666706,-7.0732017,11.5,12.2,SINGAPORE,21.6,11.5,Laden,11242,572,2025-05-23 03:14:00,TOKYO,0.8,Normal Speed Transiting,104525,352822000,UKC - UK Coast & Atlantic,Biscay Bay,ACTIVE,,22,Underway using Engine,2008,336.0,45.8,,,3EPU6,14.0,286.0,9.0,0.0,JPTYO,JP,2025-04-07 19:38:00,2025-04-19 07:45:00,SG,SGSIN,NLRTM,NL,0.0,23.0,2025-05-21 00:45:00
Singapore,ONE HUMEN,ROTTERDAM,2025-05-31 09:30:00,NL RTM,,9302164,Cargo,2025-05-20 08:37:37,-12.409595,-1.389643,17.1,13.1,SINGAPORE,18.1,16.9,Laden,7287,4515,2025-05-31 11:51:00,TOKYO,0.0,Normal Speed Transiting,98849,563250500,WAFR - West Africa,West Africa,ACTIVE,,326,Underway using Engine,2007,336.0,45.8,,,9VAJ5,24.0,130.0,21.0,0.0,JPTYO,JP,2025-04-21 20:52:00,2025-05-01 22:43:00,SG,SGSIN,NLRTM,NL,,,2025-05-21 00:54:00
Hong Kong,COSCO SHIPPING CAPRICORN,TIANJIN,2025-05-23 05:00:00,CNTSN,,9783514,Cargo,2025-05-21 00:51:25,30.517462,122.44296,15.6,12.4,SHANGHAI,15.8,11.4,Partially Laden,16,671,2025-05-22 20:46:00,ANTWERP,0.0,Tugging,197087,477168900,CCHINA - Central China,East China Sea,ACTIVE,0.0,100,Underway using Engine,2018,400.0,58.8,,,VRRU3,19.0,240.0,8.0,8.0,BEANR,BE,2025-04-16 02:49:00,2025-05-20 23:41:00,CN,CNSHG,CNTXG,CN,,,2025-05-21 00:51:00
Panama,ONE HELSINKI,KOBE,2025-05-21 20:00:00,JP UKB,,9588081,Cargo,2025-05-21 01:08:49,34.827015,139.27788,14.1,10.0,TOKYO,15.3,13.0,Partially Laden,61,292,2025-05-22 00:27:00,OAKLAND,0.0,Normal Speed Transiting,96980,373119000,JAPAN - Japan Coast,Japan Coast,ACTIVE,,231,Underway using Engine,2012,334.5,45.6,,,3FIW4,20.0,263.0,2.0,9.0,USOAK,US,2025-05-04 10:01:00,2025-05-20 20:34:00,JP,JPTYO,JPUKB,JP,0.0,225.0,2025-05-21 01:00:00
Japan,ONE HONOLULU,ROTTERDAM,2025-05-29 03:00:00,NL RTM,,9588079,Cargo,2025-05-21 01:05:02,17.175564,-18.037794,13.3,12.6,SINGAPORE,21.799999,12.2,Laden,9378,2435,2025-05-29 08:54:00,TOKYO,0.0,Normal Speed Transiting,96980,431472000,WAFR - West Africa,West Africa,ACTIVE,,353,Underway using Engine,2012,334.5,45.6,,,7KRR,21.0,341.0,18.0,-1.0,JPTYO,JP,2025-04-15 20:50:00,2025-04-26 00:54:00,SG,SGSIN,NLRTM,NL,0.0,355.0,2025-05-21 01:00:00
Singapore,HAFNIA NESO,JORF LASFAR,2025-05-16 09:30:00,MUPLU>MAJFL,JORF LASFAR,9800312,Tanker,2025-05-21 00:49:15,33.133968,-8.6315031,0.0,12.1,DAESAN,17.6,5.5,Laden,13382,0,,DAESAN,5.5,Arrived at Destination Port,114900,563068700,WAFR - West Africa,West Africa,ACTIVE,0.0,238,Moored,2019,249.9,44.0,MAJFL,MA,9V6089,18.0,40.0,14.0,2.0,KRTSN,KR,2025-03-27 07:14:00,2025-04-01 10:08:00,KR,KRTSN,MAJFL,MA,,240.0,2025-05-17 14:24:00
Marshall Is,SUNNY APATITE,YEOSU,2025-05-17 00:00:00,KRYOS D1 ANCHORAGE,,9721891,Tanker,2025-05-20 10:27:06,20.704826,121.19147,9.1,11.7,YEOSU,12.3,10.8,Laden,921,944,2025-05-24 01:55:00,YOKOHAMA,0.0,Normal Speed Transiting,49999,538005806,SCHINA - South China,South China,ACTIVE,,199,Underway using Engine,2016,183.2,32.3,,,V7HE3,29.0,140.0,12.0,8.0,JPYOK,JP,2025-05-05 23:40:00,2025-05-16 23:01:00,KR,KRYOS,KRYOS,KR,0.0,197.0,2025-05-20 10:27:00
Singapore,ONE OLYMPUS,ROTTERDAM,2025-06-12 10:00:00,NL RTM,,9312987,Cargo,2025-05-20 19:11:03,-7.6241484,74.613083,18.1,14.0,SINGAPORE,19.700001,17.9,Laden,2070,9775,2025-06-12 13:20:00,TOKYO,0.0,Normal Speed Transiting,104525,563048400,SIND - South Indian Ocean,South Indian Ocean,ACTIVE,,235,Underway using Engine,2008,336.0,45.8,,,9VPQ7,28.0,142.0,13.0,6.0,JPTYO,JP,2025-05-06 19:40:00,2025-05-15 19:29:00,SG,SGSIN,NLRTM,NL,0.0,237.0,2025-05-21 02:07:00
Marshall Is,NAVIG8 CONSTELLATION,KANDLA,2025-05-18 15:45:00,INIXY,KANDLA ANCH,9489118,Tanker,2025-05-21 00:10:59,22.842484,70.096283,12.8,12.1,SAO FRANCISCO DO SUL,16.200001,6.5,Laden,8234,0,,RIO GRANDE,2.7,Waiting OPL - Slow Steaming,45281,538003853,WCI - West Coast India,West Coast India,ACTIVE,,42,Underway using Engine,2013,183.0,32.2,,IN,V7TP5,29.0,268.0,17.0,5.5,BRRIG,BR,2025-04-16 06:33:00,2025-04-22 04:43:00,BR,BRSFS,INIXY,IN,1.0,42.0,2025-05-21 00:04:00
Liberia,ONE INGENUITY,ROTTERDAM,2025-06-13 23:00:00,SGSIN=>NLRTM,,9933016,Cargo,2025-05-21 00:48:54,-16.116501,63.65934,16.2,16.1,SINGAPORE,17.200001,16.1,Laden,2890,8965,2025-06-13 05:33:00,CAI MEP,0.0,Normal Speed Transiting,224986,636023290,EAFR - East Africa,East Africa,ACTIVE,0.0,238,Underway using Engine,2023,400.0,61.0,,,5LMZ3,26.0,125.0,14.0,4.0,VNCMT,VN,2025-05-09 19:23:00,2025-05-13 04:52:00,SG,SGSIN,NLRTM,NL,,,2025-05-21 00:34:00
Hong Kong,COSCO SHIPPING SAGITTARIUS,ROTTERDAM,2025-06-17 10:00:00,ROTTERDAM,,9783473,Cargo,2025-05-21 00:04:11,5.3427649,94.005821,17.5,15.0,SINGAPORE,19.200001,18.299999,Laden,685,7675,2025-06-07 23:33:00,NINGBO,0.0,Normal Speed Transiting,202133,477194100,INDO - Indonesia,Indonesia,ACTIVE,0.0,229,Underway using Engine,2018,399.8,58.7,,,VRRY9,28.0,235.0,4.0,7.0,CNNBG,CN,2025-05-13 10:29:00,2025-05-19 09:48:00,SG,SGSIN,NLRTM,NL,,,2025-05-21 00:04:00
Panama,EVER ACT,PORT KLANG,2025-05-19 13:30:00,LKCMB=>MYPKG,PORT KLANG,9893905,Cargo,2025-05-21 00:13:07,2.9207067,101.28596,0.0,13.7,COLOMBO,21.200001,7.6999998,Laden,1405,0,,ROTTERDAM MAASVLAKTE,1.4,Arrived at Destination Port,241960,352978199,INDO - Indonesia,Malacca Strait,ACTIVE,0.0,66,Moored,2021,399.9,62.0,MYPKG,MY,3E2429,27.0,0.0,10.0,8.0,NLMSV,NL,2025-04-15 04:53:00,2025-05-16 03:57:00,LK,LKCMB,MYPKG,MY,0.0,31.0,2025-05-19 14:31:00
Liberia,ONE INFINITY,ALGECIRAS,2025-05-21 11:00:00,SGSIN>ESALG,,9933004,Cargo,2025-05-21 01:05:35,35.221062,-7.8000383,1.5,15.5,SINGAPORE,20.0,12.5,Laden,10732,0,2025-05-20 15:48:00,XIAMEN,4.7,Drifting,225219,636023002,WAFR - West Africa,Gibraltar,ACTIVE,0.0,196,Underway using Engine,2023,400.0,61.5,,,5LLL7,19.0,4.0,19.0,0.0,CNXMG,CN,2025-04-10 19:03:00,2025-04-16 23:51:00,SG,SGSIN,ESALG,ES,0.0,71.0,2025-05-20 07:11:00
Marshall Is,PS NEW ORLEANS,,2025-05-11 09:00:00,,OWENDO ANCH,9919577,Tanker,2025-05-21 00:57:26,0.296065,9.4201584,0.0,7.8,OWENDO,6.0999999,7.4000001,In Ballast,3,0,,LOME ANCH,3.3,At Anchorage,52853,538009886,WAFR - West Africa,Gulf of Guinea,ACTIVE,0.0,359,At Anchor,2022,184.9,32.0,,GA,V7A5295,24.0,201.0,6.0,1.0,,TG,2025-04-30 09:32:00,2025-05-17 17:25:00,GA,GAOWE,,,0.0,133.0,2025-05-17 17:38:00
Hong Kong,COSCO SHIPPING GEMINI,ROTTERDAM,2025-05-29 10:00:00,NLRTM,,9783526,Cargo,2025-05-19 03:10:43,-7.8579478,-4.3197279,16.7,15.5,SINGAPORE,20.0,17.4,Laden,7641,4179,2025-05-29 08:59:00,NINGBO,0.0,Normal Speed Transiting,202014,477154700,WAFR - West Africa,West Africa,ACTIVE,0.0,328,Underway using Engine,2018,399.8,58.7,,,VRRO3,27.0,153.0,14.0,-1.0,CNNBG,CN,2025-04-25 09:39:00,2025-05-01 00:06:00,SG,SGSIN,NLRTM,NL,,,2025-05-21 00:03:00
Marshall Is,JESSIE GLORY,BALBOA,2025-05-28 08:00:00,PA BAL,,9952983,Tanker,2025-05-20 18:52:48,-30.239906,-75.037842,13.3,8.6,CONCEPCION BAY,14.1,13.2,In Ballast,394,2402,2025-05-28 10:21:00,QUINTERO,0.0,Normal Speed Transiting,49801,538010359,WCSA - West South America,West South America,ACTIVE,0.0,348,Underway using Engine,2024,182.9,32.0,,,V7A5938,18.0,201.0,13.0,-4.0,CLQTV,CL,2025-05-14 19:09:00,2025-05-19 12:49:00,CL,,PABLB,PA,0.0,344.0,2025-05-21 00:53:00
Panama,ON PEACE,TRAMANDAI,2025-05-30 12:00:00,BRTRM,,9893204,Tanker,2025-05-20 13:27:16,8.2169752,-22.768267,11.1,13.1,SKIKDA,12.8,11.8,Laden,2553,2855,2025-05-30 15:30:00,IJMUIDEN,0.4,Normal Speed Transiting,114623,370236000,WAFR - West Africa,West Africa,ACTIVE,0.0,195,Underway using Engine,2021,250.0,44.0,,,HO3021,26.0,30.0,10.0,-2.0,NLIJM,NL,2025-04-25 20:47:00,2025-05-11 03:14:00,DZ,DZSKI,BRTRM,BR,2.0,198.0,2025-05-21 00:54:00
Panama,ONE HAMMERSMITH,NAGOYA,2025-05-22 19:30:00,JP UKB>JP NGO,KOBE,9395147,Cargo,2025-05-21 00:58:02,34.681252,135.28781,0.0,9.7,KOBE,9.6000004,7.3000002,In Ballast,4,234,2025-05-22 07:22:00,SINGAPORE,0.7,In Origin Port,98849,354839000,JAPAN - Japan Coast,Japan Coast,ACTIVE,,1,Moored,2009,336.0,45.8,JPUKB,JP,3FQE8,,,,9.0,SGSIN,SG,2025-05-12 10:54:00,2025-05-20 07:32:00,JP,JPUKB,JPNGO,JP,0.0,261.0,2025-05-20 08:10:00
Marshall Is,STI MAGNETIC,CORPUS CHRISTI,2025-05-18 02:00:00,US CRP,CORPUS CHRISTI,9829485,Tanker,2025-05-21 00:53:24,27.822975,-97.438736,0.0,8.8,WILLEMSTAD,16.200001,9.6000004,In Ballast,2017,0,,POINTE A PIERRE,3.6,In port,47499,538010463,USG - Gulf of Mexico,Gulf of Mexico,ACTIVE,0.0,227,Moored,2019,183.1,32.2,USCRP,US,V7A6077,,,,-5.0,TTPTP,TT,2025-05-06 14:55:00,2025-05-10 00:23:00,CW,CWWIL,USCRP,US,0.0,92.0,2025-05-19 02:57:00
Singapore,APL FULLERTON,NINGBO,2025-05-26 15:00:00,MYPKG>CNNGB,,9632026,Cargo,2025-05-21 00:09:35,2.23159,101.83353,14.6,12.0,PORT KLANG,16.200001,14.2,Partially Laden,60,2225,2025-05-27 12:57:00,LE HAVRE,0.0,Normal Speed Transiting,176727,563234000,INDO - Indonesia,Malacca Strait,ACTIVE,0.0,123,Underway using Engine,2014,397.6,51.0,,,S6NQ,27.0,358.0,3.0,7.0,FRLEH,FR,2025-04-15 12:05:00,2025-05-20 19:58:00,MY,MYPKG,CNNBG,CN,0.0,124.0,2025-05-21 00:10:00
Panama,EVER GOODS,PIRAEUS,2025-05-21 02:00:00,GRPIR,,9810991,Cargo,2025-05-21 01:05:16,36.710922,23.885447,0.1,16.0,SINGAPORE,21.6,15.4,Laden,12233,15,2025-05-21 07:43:00,YANTIAN,0.2,Waiting OPL - Stopped,199692,371308000,EMED - East Mediterranean,Aegean Sea,ACTIVE,0.0,129,Stopped,2018,400.0,59.0,,,3FRV5,18.0,248.0,3.0,2.0,CNYTN,CN,2025-04-11 04:12:00,2025-04-16 09:55:00,SG,SGSIN,GRPIR,GR,0.0,155.0,2025-05-20 21:00:00
Liberia,CLEAROCEAN AJAX,,2025-05-27 21:00:00,GQATE,,9850692,Tanker,2025-05-21 03:22:52,14.986143,-18.054556,15.3,8.6,IMMINGHAM,16.799999,14.5,In Ballast,2774,0,,HOUSTON,1.5,Normal Speed Transiting,113252,636019152,WAFR - West Africa,West Africa,ACTIVE,0.0,147,Underway using Engine,2019,249.9,44.0,,,D5TE5,21.0,355.0,11.0,-1.0,USHOU,US,2025-04-20 03:03:00,2025-05-11 04:27:00,GB,GBIMM,,,,,2025-05-21 03:15:00
Panama,SAKIZAYA KALON,SINGAPORE,2025-06-25 01:00:00,SG SIN,,9749908,Cargo,2025-05-21 00:04:38,-2.8790751,-38.724491,8.8,13.2,ITAQUI,11.3,9.8000002,Laden,375,0,,DJEN DJEN,1.0,Normal Speed Transiting,81691,373254000,ECSA - East Coast South America,East Coast South America,ACTIVE,0.0,117,Underway using Engine,2017,228.9,32.3,,,3FEC3,27.0,84.0,14.0,-3.0,DZDJE,DZ,2025-04-30 05:16:00,2025-05-18 08:41:00,BR,BRIQI,SGSIN,SG,0.0,115.0,2025-05-21 00:48:00
Hong Kong,COSCO SHIPPING ARIES,ROTTERDAM,2025-05-25 12:00:00,NL RTM,,9783497,Cargo,2025-05-21 00:49:12,24.961376,-16.44883,16.3,15.6,SINGAPORE,20.799999,17.5,Laden,9832,1958,2025-05-25 16:46:00,NINGBO,0.0,Normal Speed Transiting,197021,477148800,WAFR - West Africa,West Africa,ACTIVE,0.0,49,Underway using Engine,2018,400.0,58.8,,,VRRB4,19.0,42.0,22.0,-1.0,CNNBG,CN,2025-04-22 14:42:00,2025-04-29 00:51:00,SG,SGSIN,NLRTM,NL,0.0,49.0,2025-05-21 00:49:00
Singapore,HARRIS,BARCELONA,2025-05-17 03:00:00,ES BCN,BARCELONA ANCH,9379038,Tanker,2025-05-21 01:07:15,41.306599,2.2102168,0.0,7.5,ALGECIRAS,15.3,7.1999998,Partially Laden,1714,0,,ALGECIRAS,11.4,Waiting at Destination Anchorage,42000,563832000,WMED - West Mediterranean,Balearic Sea,ACTIVE,,53,At Anchor,2009,178.5,31.5,,ES,S6HB2,17.0,52.0,8.0,2.0,ESALG,ES,2025-04-28 17:35:00,2025-05-04 04:23:00,ES,ESALG,ESBCN,ES,0.0,293.0,2025-05-17 01:54:00
Bahamas,SEBAROK SPIRIT,GOLA,2025-05-18 23:00:00,GOLA,GOLA,9572264,Tanker,2025-05-21 00:51:09,28.762506,-94.505875,0.0,8.4,FREEPORT,6.9000001,5.9000001,In Ballast,64,0,,INGLESIDE,1.9,Arrived at Destination Port,109554,311000465,USG - Gulf of Mexico,Gulf of Mexico,ACTIVE,,34,At Anchor,2011,243.0,42.0,,US,C6CG5,26.0,191.0,7.0,-5.0,USYIG,US,2025-05-07 01:53:00,2025-05-18 17:45:00,US,USFPO,,US,,167.0,2025-05-19 22:40:00
Hong Kong,COSCO SHIPPING STAR,ANTWERP,2025-05-19 07:30:00,BEANR,ANTWERP,9795658,Cargo,2025-05-21 01:03:00,51.289581,4.2616949,0.0,13.3,HAMBURG,19.299999,9.8000002,Laden,413,0,,ROTTERDAM MAASVLAKTE,1.4,Arrived at Destination Port,197976,477318200,UKC - UK Coast & Atlantic,Antwerp Area,ACTIVE,0.0,345,Moored,2019,399.9,58.8,BEANR,BE,VRSQ4,,,,2.0,NLMSV,NL,2025-05-13 14:30:00,2025-05-18 05:35:00,DE,DEHAM,BEANR,BE,0.0,34.0,2025-05-19 14:18:00
Malta,MARIETTA C,SINGAPORE,2025-06-18 00:01:00,SGSIN,,9281437,Cargo,2025-05-19 12:24:06,-5.8486681,-33.9715,11.0,13.5,VILA DO CONDE,14.0,10.6,Laden,1048,8993,2025-06-25 06:10:00,LAS PALMAS ANCH,0.6,Normal Speed Transiting,73640,248390000,ECSA - East Coast South America,East Coast South America,ACTIVE,,126,Underway using Engine,2004,225.0,32.3,,,9HA2346,26.0,106.0,22.0,-2.0,,ES,2025-04-26 07:57:00,2025-05-14 14:10:00,BR,BRVDC,SGSIN,SG,,,2025-05-21 00:47:00
Marshall Is,NCC YANBU,ULSAN,2025-05-30 08:00:00,KR ULS FOR ORDERS,,9458808,Tanker,2025-05-20 21:05:27,46.107113,-171.69191,10.8,7.5,MOLLENDO,14.1,11.4,In Ballast,7151,2858,2025-05-31 07:50:00,CONCHAN,1.4,Sailing in high winds,45553,538005653,NPAC - North Pacific,North Pacific,ACTIVE,,275,Underway using Engine,2010,183.0,32.2,,,V7FS5,8.0,237.0,30.0,-11.0,PECON,PE,2025-04-21 05:46:00,2025-04-24 02:58:00,PE,PEMLQ,KRUSN,KR,0.0,272.0,2025-05-21 00:17:00
Panama,DARNIA,PUERTO CASTILLAS,2025-05-21 20:00:00,HNPCA,CASTILLAS ANCH,9336464,Tanker,2025-05-21 01:01:53,15.9839,-85.984131,0.3,7.6,WILMINGTON NC,13.6,7.3000002,In Ballast,1314,0,2025-05-20 16:22:00,NORFOLK,0.4,Waiting at Destination Anchorage,45704,351758000,ECCA - East Coast Central America,Gulf of Honduras,ACTIVE,0.0,355,At Anchor,2017,182.7,32.2,,HN,3FZN9,28.0,79.0,25.0,-6.0,USORF,US,2025-05-12 19:09:00,2025-05-15 14:37:00,US,USILM,HNPCA,HN,10.0,96.0,2025-05-20 15:11:00
Marshall Is,FLAGSHIP,DANGJIN,2025-05-17 07:00:00,DANGJIN S.KOREA,,9514224,Cargo,2025-05-21 00:09:18,37.051636,126.66521,10.1,18.0,PONTA UBU,14.1,9.8000002,Laden,11086,0,,AL JUBAIL,5.8,Normal Speed Transiting,176387,538009408,NCHINA - North China,Yellow Sea,ACTIVE,,136,Underway using Engine,2013,292.0,45.0,,,V7A4696,17.0,85.0,6.0,9.0,SAJUB,SA,2025-02-27 19:13:00,2025-04-03 20:57:00,BR,BRPOU,KRDJN,KR,,,2025-05-21 00:01:00
Malta,CMA CGM VASCO DE GAMA,SINGAPORE,2025-05-25 05:00:00,SGSIN,YANTIAN,9706889,Cargo,2025-05-21 00:04:52,22.566498,114.28421,0.0,15.8,SHANGHAI,18.1,16.1,Laden,812,1455,2025-05-24 17:58:00,NINGBO,0.2,In Origin Port,183865,215173000,SCHINA - South China,South China,ACTIVE,,267,Moored,2015,399.2,54.0,CNYTN,CN,9HA4993,,,,8.0,CNNBG,CN,2025-05-16 05:13:00,2025-05-18 18:17:00,CN,CNSHG,SGSIN,SG,0.0,268.0,2025-05-20 18:49:00
Norway,CHAMPION PULA,SINGAPORE,2025-06-03 01:00:00,SG SIN,GLADSTONE,9341146,Tanker,2025-05-21 01:09:26,-23.929796,151.44342,10.8,7.5,MAILIAO,14.1,10.2,In Ballast,3043,4188,2025-06-07 04:29:00,PORTLAND OR,16.1,In Origin Port,46927,258724000,EAUS - East Australia,East Australia,ACTIVE,,109,Underway using Engine,2006,182.4,32.2,AUGLT,AU,LAZM7,21.0,129.0,11.0,10.0,USPDX,US,2025-04-02 02:28:00,2025-04-24 01:09:00,TW,TWMLI,SGSIN,SG,0.0,104.0,2025-05-21 01:00:00
Marshall Is,ORANGE STARS,BILBAO,2025-05-24 17:00:00,BILBAO,,9433597,Tanker,2025-05-21 01:09:10,36.224117,-3.7998083,11.6,13.3,YANBU INDUSTRIAL,18.799999,12.2,Laden,2431,969,2025-05-24 08:45:00,YANBU INDUSTRIAL,1.0,Normal Speed Transiting,115756,538004145,WMED - West Mediterranean,Gibraltar,ACTIVE,,272,Underway using Engine,2011,249.0,44.0,,,V7VK8,17.0,91.0,4.0,1.0,SAYBI,SA,2025-05-10 15:58:00,2025-05-11 10:06:00,SA,SAYBI,ESBIO,ES,0.0,272.0,2025-05-21 00:59:00
Liberia,GSL TINOS,,2025-05-21 09:30:00,MAPTMTM,,9437050,Cargo,2025-05-21 01:09:11,36.206661,-3.3033783,14.1,12.7,PORT SAID,19.700001,14.1,Laden,1789,0,,JEDDAH,0.1,,65741,636020984,WMED - West Mediterranean,Gibraltar,ACTIVE,,264,Underway using Engine,2010,294.0,32.3,,,5LBR6,18.0,78.0,4.0,1.0,SAJED,SA,2025-05-12 07:42:00,2025-05-15 23:56:00,EG,EGPSD,,,0.0,262.0,2025-05-21 00:57:00
Marshall Is,SFL PANTHER,GIBRALTAR,2025-05-20 19:00:00,GIBRALTAR,,9664782,Tanker,2025-05-21 01:04:58,36.239727,-4.5062752,1.2,8.5,THAMES,16.6,9.3999996,In Ballast,1476,0,2025-05-20 23:32:00,MINA AL ZOUR,4.6,Waiting OPL - Drifting,109900,538005863,WMED - West Mediterranean,Gibraltar,ACTIVE,,94,Underway using Engine,2015,250.0,44.0,,,V7HR5,18.0,93.0,4.0,1.0,KWMZR,KW,2025-03-31 16:55:00,2025-05-11 07:28:00,GB,GBLGP,GIGIB,GI,0.0,342.0,2025-05-20 19:42:00
Singapore,NAVIG8 PROSPERITY,SINGAPORE,2025-05-12 15:15:00,SG SIN,SINGAPORE ANCH,9855496,Tanker,2025-05-21 00:07:32,1.2621484,103.90462,0.0,8.5,MAP TA PHUT,14.1,5.9000001,In Ballast,461,0,,SRIRACHA,10.9,Waiting at Destination Anchorage,109997,563266200,INDO - Indonesia,Singapore Area,ACTIVE,0.0,345,At Anchor,2019,249.9,44.0,,SG,9VDQ4,28.0,173.0,2.0,8.0,THSRI,TH,2025-05-06 01:57:00,2025-05-08 10:24:00,TH,THMAT,SGSIN,SG,0.0,209.0,2025-05-12 15:59:00
Liberia,HYDE PARK,DAKAR,2025-06-03 12:00:00,SN DKR,,9725861,Tanker,2025-05-21 01:00:43,-32.379856,16.48254,12.5,9.9,PELINTUNG,14.8,12.3,Laden,733,3464,2025-06-01 18:16:00,SINGAPORE ANCH,16.0,Normal Speed Transiting,19994,636017792,SAFR - South Africa,South Africa,ACTIVE,0.0,336,Underway using Engine,2017,145.0,24.2,,,D5MT2,15.0,219.0,19.0,1.0,,SG,2025-04-29 21:54:00,2025-05-02 15:31:00,ID,,SNDKR,SN,,,2025-05-21 01:07:00
Hong Kong,COSCO SHIPPING VIRGO,SHANTOU,2025-05-26 15:00:00,CNSHA,,9783461,Cargo,2025-05-21 01:05:35,2.7707567,101.02898,17.3,13.0,ANTWERP,25.6,16.5,Partially Laden,11633,1759,2025-05-25 11:52:00,HAMBURG,0.0,Normal Speed Transiting,201827,477166500,INDO - Indonesia,Malacca Strait,ACTIVE,0.0,120,Underway using Engine,2018,399.8,58.7,,,VRRT2,27.0,352.0,15.0,7.0,DEHAM,DE,2025-04-18 00:47:00,2025-04-22 12:32:00,BE,BEANR,CNSTG,CN,1.0,120.0,2025-05-21 01:00:00
Liberia,CL MARGUERITE DURAS,PENGERANG,2025-05-20 17:00:00,MY PGG,PASIR GUDANG ANCH,9943358,Tanker,2025-05-21 00:59:09,1.31177,104.14894,0.1,8.4,TANJUNG PELEPAS,13.3,11.0,Partially Laden,56,0,,SINGAPORE,0.4,At Anchorage,49357,636022163,INDO - Indonesia,Singapore Area,ACTIVE,0.0,24,At Anchor,2023,183.2,32.0,,MY,5LHL8,28.0,173.0,2.0,8.0,SGSIN,SG,2025-05-18 06:45:00,2025-05-20 10:53:00,MY,MYTPP,MYPGG,MY,0.0,281.0,2025-05-20 16:25:00
Singapore,ONE HARBOUR,BUSAN,2025-05-20 21:00:00,KRPUS,,9302152,Cargo,2025-05-21 00:57:16,35.024464,128.79327,11.5,10.2,KAOHSIUNG,14.8,11.6,Partially Laden,925,0,2025-05-21 01:57:00,SAVANNAH,0.1,Normal Speed Transiting,98849,563244800,NCHINA - North China,North China,ACTIVE,,335,Underway using Engine,2007,336.0,45.8,,,9VAT9,18.0,176.0,7.0,9.0,USSAV,US,2025-04-14 03:57:00,2025-05-17 18:30:00,TW,TWKHH,KRPUS,KR,0.0,335.0,2025-05-21 00:45:00
Panama,ONE HANNOVER,ROTTERDAM,2025-06-19 10:00:00,NLRTM,,9302138,Cargo,2025-05-21 01:06:49,1.9445367,102.27431,18.7,12.3,SINGAPORE,18.700001,16.299999,Laden,98,8356,2025-06-11 21:31:00,TOKYO,0.0,Normal Speed Transiting,98849,372104000,INDO - Indonesia,Malacca Strait,ACTIVE,,306,Underway using Engine,2006,336.0,45.8,,,3EIC8,28.0,281.0,6.0,7.0,JPTYO,JP,2025-05-09 20:51:00,2025-05-20 19:24:00,SG,SGSIN,NLRTM,NL,0.0,308.0,2025-05-21 01:07:00
Hong Kong,ONE FORWARD,LONG BEACH,2025-05-22 21:30:00,USLGB,,9936422,Cargo,2025-05-20 06:29:23,39.427708,-134.89983,17.2,15.4,BUSAN NEW PORT,21.0,17.0,Laden,4393,924,2025-05-22 11:57:00,SHANGHAI,0.0,Normal Speed Transiting,172058,477931400,USWC - US West Coast,US West Coast,ACTIVE,0.0,116,Underway using Engine,2024,366.0,51.0,,,VRVE6,12.0,1.0,17.0,-9.0,CNSHG,CN,2025-05-07 02:24:00,2025-05-09 10:16:00,KR,KRBNP,USLGB,US,,,2025-05-21 00:31:00
Panama,EVER AIM,COLOMBO,2025-06-10 00:30:00,NLRTM>LKCMB,,9893917,Cargo,2025-05-21 00:53:41,3.359412,-11.8782,14.1,14.3,ROTTERDAM MAASVLAKTE,19.299999,15.7,Partially Laden,3414,7546,2025-06-10 01:27:00,HAMBURG,0.0,Normal Speed Transiting,241960,352980788,WAFR - West Africa,West Africa,ACTIVE,0.0,143,Underway using Engine,2021,400.0,62.0,,,3E3532,27.0,152.0,9.0,-1.0,DEHAM,DE,2025-05-07 17:59:00,2025-05-12 06:56:00,NL,NLMSV,LKCMB,LK,,,2025-05-21 00:54:00
Cayman Is,BURRI,ROTTERDAM,2025-05-21 21:00:00,ROTTERDAM,,9787948,Tanker,2025-05-21 00:13:16,50.021542,-1.7347667,14.1,14.3,DUQM,23.200001,12.2,Laden,5438,267,2025-05-21 22:12:00,RUWAIS,0.5,Normal Speed Transiting,115018,319151100,UKC - UK Coast & Atlantic,English Channel,ACTIVE,0.0,100,Underway using Engine,2018,249.9,44.0,,,ZGHZ4,12.0,292.0,7.0,0.0,AERUW,AE,2025-04-26 19:59:00,2025-05-01 15:21:00,OM,OMDQM,NLRTM,NL,2.0,106.0,2025-05-21 00:09:00
Cyprus,E TRADER,PORT WALCOTT,2025-05-25 05:30:00,PORT WALCOTT,,9557874,Cargo,2025-05-20 21:16:37,-6.220933,116.76138,9.3,10.5,QINGDAO,13.0,9.0,In Ballast,2671,874,2025-05-24 22:20:00,DAMPIER,0.0,Normal Speed Transiting,175886,209879000,INDO - Indonesia,Java Sea,ACTIVE,,206,Underway using Engine,2009,291.8,45.0,,,5BJE6,28.0,127.0,17.0,8.0,AUDAM,AU,2025-04-17 16:28:00,2025-05-09 04:26:00,CN,CNQDG,AUPWL,AU,,,2025-05-20 21:17:00
Germany,SINGAPORE EXPRESS,SINGAPORE,2025-06-07 03:00:00,BEANR->SGSIN,,9543093,Cargo,2025-05-19 08:42:27,3.3725851,-12.92214,20.2,12.8,ANTWERP,21.799999,18.1,Partially Laden,3410,8504,2025-06-06 04:06:00,SOUTHAMPTON,0.0,Normal Speed Transiting,229348,211122000,WAFR - West Africa,West Africa,ACTIVE,0.0,150,Underway using Engine,2024,399.9,61.0,,,DFPH2,25.0,120.0,20.0,0.0,GBSOU,GB,2025-04-23 17:18:00,2025-05-12 02:46:00,BE,BEANR,SGSIN,SG,0.0,149.0,2025-05-21 00:47:00
Marshall Is,MIDNIGHT GLORY,SINGAPORE,2025-05-19 13:45:00,SGSIN,SINGAPORE,9877808,Tanker,2025-05-21 00:10:14,1.2916517,103.7243,0.0,10.8,PORT NECHES,14.3,7.4000001,Partially Laden,13502,0,,GOLA,1.9,Arrived at Destination Port,50324,538008831,INDO - Indonesia,Singapore Area,ACTIVE,0.0,213,Moored,2020,183.1,32.2,SGSIN,SG,V7A2809,28.0,24.0,0.0,8.0,,US,2025-03-26 05:49:00,2025-03-30 21:10:00,US,USPON,SGSIN,SG,0.0,299.0,2025-05-20 01:29:00
Liberia,COURAGE,DUNKIRK EAST,2025-05-21 09:30:00,FR DKK,,9335056,Tanker,2025-05-21 01:03:18,51.589115,2.1349249,12.8,10.1,ROTTERDAM VONDELING,13.8,11.6,Partially Laden,94,57,2025-05-21 06:28:00,ROTTERDAM BOTLEK,0.0,Normal Speed Transiting,45965,636022867,UKC - UK Coast & Atlantic,North Sea,ACTIVE,,222,Underway using Engine,2008,183.2,32.2,,,5LKU8,11.0,315.0,4.0,0.0,NLBOT,NL,2025-05-06 11:45:00,2025-05-20 17:12:00,NL,NLZBW,FRDKK,FR,0.0,222.0,2025-05-21 00:55:00
Marshall Is,ALPHA TREASURE,,2025-05-18 05:00:00,GN BRP LP2 C1,KAMSAR ANCH,9919216,Cargo,2025-05-21 01:07:20,10.368428,-14.77179,0.0,11.7,TIANJIN,14.8,5.3000002,In Ballast,11612,0,,PORT HEDLAND,13.0,At Anchorage,209260,538009506,WAFR - West Africa,West Africa,ACTIVE,0.0,303,At Anchor,2022,299.9,50.0,,GN,V7A4825,26.0,25.0,8.0,0.0,AUPHE,AU,2025-03-04 18:00:00,2025-03-22 04:57:00,CN,CNTXG,,,0.0,205.0,2025-05-18 04:46:00
Marshall Is,CLEAROCEAN MARAUDER,MELBOURNE,2025-06-02 20:00:00,AUMEL,,9890446,Tanker,2025-05-20 03:54:26,-1.3899833,107.78868,11.5,12.0,SINGAPORE,14.3,11.4,Laden,360,3770,2025-06-02 06:09:00,PORT HEDLAND,0.0,Normal Speed Transiting,49999,538009138,INDO - Indonesia,Java Sea,ACTIVE,0.0,131,Underway using Engine,2021,183.1,32.0,,,V7A4367,29.0,112.0,11.0,7.0,AUPHE,AU,2025-05-09 21:43:00,2025-05-18 21:49:00,SG,SGSIN,AUMEL,AU,0.0,133.0,2025-05-20 17:59:00
Panama,ONE HONG KONG,NAGOYA,2025-05-19 23:00:00,JP NGO W3,NAGOYA,9395161,Cargo,2025-05-21 00:09:45,35.026314,136.82123,0.0,11.7,KOBE,18.299999,13.9,Laden,245,0,,SINGAPORE,0.9,Arrived at Destination Port,98849,355271000,JAPAN - Japan Coast,Japan Coast,ACTIVE,,28,Moored,2009,336.0,45.8,JPNGO,JP,3FKN5,21.0,260.0,1.0,9.0,SGSIN,SG,2025-05-10 16:46:00,2025-05-19 06:07:00,JP,JPUKB,JPNGO,JP,0.0,258.0,2025-05-20 01:49:00
Marshall Is,RB JAKE,HONG KONG,2025-05-31 22:00:00,HONGKONG,,9765706,Cargo,2025-05-19 01:30:28,-26.36611,153.99634,12.5,13.5,NEWCASTLE,13.1,12.2,Laden,429,3990,2025-06-01 19:19:00,XINSHA,0.0,Normal Speed Transiting,81039,538006443,EAUS - East Australia,East Australia,ACTIVE,0.0,3,Underway using Engine,2016,229.0,32.3,,,V7NG9,26.0,133.0,16.0,10.0,CNXNA,CN,2025-04-25 04:41:00,2025-05-17 10:00:00,AU,AUNTL,HKHKG,HK,1.0,3.0,2025-05-20 23:38:00
Panama,NYK VENUS,SINGAPORE,2025-05-21 23:00:00,SGSIN,,9312793,Cargo,2025-05-21 00:57:09,3.7726433,99.865433,12.8,12.7,LE HAVRE,20.700001,16.5,Laden,11283,291,2025-05-22 00:07:00,HAMBURG,0.0,Normal Speed Transiting,103207,372512000,INDO - Indonesia,Malacca Strait,ACTIVE,,129,Underway using Engine,2007,338.2,45.6,,,3EJG5,26.0,32.0,9.0,7.0,DEHAM,DE,2025-04-18 12:58:00,2025-04-22 08:52:00,FR,FRLEH,SGSIN,SG,0.0,130.0,2025-05-21 00:10:00
Taiwan,EVER ARM,ROTTERDAM,2025-06-10 20:00:00,SGSIN > NLRTM,,9893931,Cargo,2025-05-21 00:12:37,-14.260154,65.959793,19.0,16.7,SINGAPORE,20.299999,19.299999,Laden,2732,9130,2025-06-09 17:21:00,YANTIAN,0.0,Normal Speed Transiting,241960,416070000,EAFR - East Africa,East Africa,ACTIVE,0.0,239,Underway using Engine,2022,400.0,62.0,,,BHJG,26.0,108.0,17.0,4.0,CNYTN,CN,2025-05-10 01:10:00,2025-05-14 16:58:00,SG,SGSIN,NLRTM,NL,0.0,238.0,2025-05-21 00:16:00
Panama,TOLEDO TRIUMPH,COLON EAST,2025-05-21 04:15:00,PAONX>>USSSAV,,9737486,Cargo,2025-05-21 01:09:32,31.854246,-80.043724,5.3,12.4,COLON EAST,18.1,15.0,Partially Laden,1523,1250,2025-05-26 04:13:00,YANTIAN,0.3,Slow Steaming,146791,352149000,USEC - US East Coast,US East Coast,ACTIVE,0.0,263,Underway using Engine,2017,365.9,51.3,,,3EIU7,25.0,174.0,13.0,-5.0,CNYTN,CN,2025-04-21 16:17:00,2025-05-16 08:02:00,PA,PAONX,PAONX,PA,10.0,270.0,2025-05-21 01:00:00
Panama,ONE HUMBER,TOKYO,2025-05-19 23:00:00,JP TYO,TOKYO,9302140,Cargo,2025-05-21 01:02:32,35.606667,139.76532,0.0,11.0,NAGOYA,21.700001,11.3,Partially Laden,219,0,,KOBE,1.0,Arrived at Destination Port,98849,372038000,JAPAN - Japan Coast,Japan Coast,ACTIVE,,267,Moored,2006,336.0,45.8,JPTYO,JP,3EHZ5,20.0,180.0,1.0,9.0,JPUKB,JP,2025-05-17 05:56:00,2025-05-19 11:39:00,JP,JPNGO,JPTYO,JP,0.0,329.0,2025-05-20 01:43:00
Malta,VULCANIA,PORT KLANG,2025-05-27 23:00:00,MYPKG,,9718686,Cargo,2025-05-21 01:04:55,-7.6359982,76.213676,10.1,12.6,RICHARDS BAY,11.3,9.1999998,Laden,2796,1822,2025-05-29 07:31:00,TUTICORIN,2.2,Normal Speed Transiting,82036,229587000,SIND - South Indian Ocean,South Indian Ocean,ACTIVE,,57,Underway using Engine,2015,229.0,32.3,,,9HA5527,27.0,170.0,9.0,5.0,INTUT,IN,2025-04-09 12:24:00,2025-05-06 20:02:00,ZA,ZARCB,MYPKG,MY,-1.0,56.0,2025-05-21 00:59:00
Liberia,CAUTIN,CHARLESTON,2025-05-21 19:00:00,USCHS,,9687538,Cargo,2025-05-21 00:10:56,35.114021,-75.137383,10.6,12.4,NORFOLK,19.1,12.2,Laden,144,285,2025-05-21 23:28:00,NEW YORK,0.0,Normal Speed Transiting,104544,636092792,USEC - US East Coast,US East Coast,ACTIVE,,196,Underway using Engine,2014,299.9,48.2,,,D5HE8,19.0,52.0,12.0,-5.0,USNYC,US,2025-05-18 11:01:00,2025-05-20 12:41:00,US,USORF,USCHS,US,0.0,200.0,2025-05-21 00:04:00
Marshall Is,ION M,KANDLA,2025-05-22 07:00:00,IN IXY,,9864344,Tanker,2025-05-21 00:49:08,19.293953,72.46096,13.5,11.1,NHAVA SHEVA,13.5,9.8999996,Laden,48,410,2025-05-22 08:21:00,PARANAGUA,0.0,Normal Speed Transiting,49999,538008523,WCI - West Coast India,West Coast India,ACTIVE,0.0,352,Underway using Engine,2019,183.1,32.9,,,V7A2466,29.0,301.0,2.0,5.0,BRPNG,BR,2025-04-20 13:39:00,2025-05-20 20:37:00,IN,INNSA,INIXY,IN,,,2025-05-21 00:34:00
Marshall Is,ADVANTAGE LIFE,SIKKA,2025-05-31 10:00:00,IN SIK,,9708564,Tanker,2025-05-21 00:43:10,-16.424732,42.06139,13.0,9.0,LOME ANCH,14.1,13.3,In Ballast,4432,2902,2025-05-30 03:00:00,ANTWERP,0.0,Normal Speed Transiting,109999,538006075,EAFR - East Africa,East Africa,ACTIVE,,29,Underway using Engine,2015,250.0,44.0,,,V7JN4,26.0,194.0,9.0,3.0,BEANR,BE,2025-04-05 08:36:00,2025-05-05 07:29:00,TG,,INSIK,IN,1.0,20.0,2025-05-21 00:43:00
Panama,EVER ALP,ROTTERDAM,2025-06-13 16:00:00,SG SIN>NL RTM,,9893929,Cargo,2025-05-20 23:15:00,-0.68828201,85.709473,18.3,16.3,SINGAPORE,20.700001,18.5,Laden,1307,7429,2025-06-07 05:13:00,YANTIAN,0.0,Normal Speed Transiting,241960,352898717,SIND - South Indian Ocean,South Indian Ocean,ACTIVE,0.0,235,Underway using Engine,2021,400.0,62.0,,,3E2012,28.0,321.0,8.0,6.0,CNYTN,CN,2025-05-13 00:12:00,2025-05-17 19:29:00,SG,SGSIN,NLRTM,NL,,,2025-05-21 00:20:00
Panama,ORIENTAL IXIA,HAZIRA,2025-06-26 22:30:00,INHZR,,9924728,Tanker,2025-05-21 00:53:47,18.900434,-18.071524,12.1,7.0,ROTTERDAM BOTLEK,15.8,12.8,In Ballast,2333,0,,ANTWERP,0.0,Normal Speed Transiting,16298,352002449,WAFR - West Africa,West Africa,ACTIVE,0.0,182,Underway using Engine,2023,142.0,22.0,,,3E4102,19.0,8.0,23.0,-1.0,BEANR,BE,2025-05-04 01:44:00,2025-05-13 06:50:00,NL,NLBOT,INHZR,IN,,,2025-05-21 00:54:00
Panama,ONE HANOI,SINGAPORE,2025-06-12 04:00:00,SGSIN - PEBGA,,9588093,Cargo,2025-05-20 00:48:26,5.6648002,-14.037481,15.1,11.0,LE HAVRE,20.299999,14.9,Partially Laden,3001,8654,2025-06-10 11:59:00,HAMBURG,0.0,Normal Speed Transiting,96980,353592000,WAFR - West Africa,West Africa,ACTIVE,,145,Underway using Engine,2013,334.5,45.6,,,3FHS3,26.0,143.0,16.0,-1.0,DEHAM,DE,2025-05-09 05:43:00,2025-05-12 09:31:00,FR,FRLEH,SGSIN,SG,,,2025-05-21 00:56:00
Panama,JUBILANT TREASURE,VANCOUVER,2025-05-19 10:30:00,CA VAN,ROBERTS BANK,9512018,Cargo,2025-05-21 00:08:58,49.015072,-123.15523,0.1,8.8,JINGTANG,16.799999,11.1,In Ballast,5286,0,,MATOLA,1.8,In port,119454,373388000,WCCAN - West Coast Canada,West Coast Canada,ACTIVE,,255,Moored,2012,245.0,43.0,CARTB,CA,HOEP,12.0,170.0,18.0,-7.0,MZMAT,MZ,2025-03-28 12:20:00,2025-04-30 11:04:00,CN,CNTGS,CAVAN,CA,0.0,212.0,2025-05-20 19:17:00
Marshall Is,FRONT LEOPARD,FUJAIRAH,2025-05-21 10:00:00,FUJAIRAH FOR ORDERS,,9703320,Tanker,2025-05-21 01:11:30,24.301764,57.775146,12.5,9.0,HUIZHOU ANCH,14.1,8.0,Partially Laden,4873,90,2025-05-21 08:51:00,RAS LAFFAN,4.3,Normal Speed Transiting,109900,538006771,AG - Arabian Gulf,Oman Gulf,ACTIVE,0.0,284,Underway using Engine,2016,251.8,44.0,,,V7NC6,29.0,94.0,8.0,4.0,QARLF,QA,2025-04-04 16:07:00,2025-04-26 06:08:00,CN,,AEFJR,AE,0.0,285.0,2025-05-21 01:07:00
Malta,GEMMA,AUGUSTA,2025-05-22 15:30:00,MT MAR>IT AUG,MARSAXLOKK,9808314,Tanker,2025-05-21 00:47:30,35.815071,14.545403,0.0,7.6,ALGECIRAS,15.3,8.0,In Ballast,1022,89,2025-05-21 04:35:00,CASTELLON,1.3,In Origin Port,40019,248768000,WMED - West Mediterranean,West Mediterranean,ACTIVE,0.0,191,Moored,2018,175.4,32.2,MTMAR,MT,9HA4802,19.0,171.0,12.0,2.0,ESCAS,ES,2025-05-11 21:47:00,2025-05-16 06:14:00,ES,ESALG,ITAUG,IT,,45.0,2025-05-20 05:34:00
Singapore,EVER ATOP,SHANGHAI,2025-05-21 22:00:00,CNTAO>CNSHA,,9893993,Cargo,2025-05-21 00:06:54,34.184025,122.49834,13.6,13.6,QINGDAO,13.6,13.0,Partially Laden,155,224,2025-05-21 18:12:00,KAOHSIUNG,0.0,Normal Speed Transiting,241000,563166100,NCHINA - North China,Yellow Sea,ACTIVE,0.0,138,Underway using Engine,2022,400.0,62.0,,,9V7624,16.0,132.0,10.0,8.0,TWKHH,TW,2025-05-15 14:20:00,2025-05-20 12:16:00,CN,CNQDG,CNSHG,CN,0.0,139.0,2025-05-20 23:51:00
Singapore,EVER APEX,COLOMBO,2025-05-20 19:30:00,NLRTM>LKCMB,COLOMBO,9893979,Cargo,2025-05-21 00:59:29,6.9476733,79.83905,0.0,14.0,ROTTERDAM MAASVLAKTE,20.700001,9.8999996,Partially Laden,10645,0,,HAMBURG,0.7,Arrived at Destination Port,241816,563155500,ECI - East Coast India,Laccadive Sea,ACTIVE,0.0,181,Moored,2022,400.0,62.0,LKCMB,LK,9V7623,28.0,256.0,16.0,5.5,DEHAM,DE,2025-04-13 17:28:00,2025-04-18 09:27:00,NL,NLMSV,LKCMB,LK,0.0,190.0,2025-05-20 22:03:00
Malta,CMA CGM DIAMOND,SOHAR,2025-05-21 17:30:00,AEJEA-OMSOH,,9405033,Cargo,2025-05-21 00:56:43,26.01054,55.680748,11.8,11.8,JEBEL ALI,15.6,12.3,Laden,80,179,2025-05-21 15:50:00,AL JUBAIL,0.0,Normal Speed Transiting,42000,249132000,AG - Arabian Gulf,Persian Gulf,ACTIVE,,52,Underway using Engine,2008,230.9,32.3,,,9HA6121,28.0,210.0,2.0,4.0,SAJUB,SA,2025-05-14 22:30:00,2025-05-20 18:23:00,AE,AEJEA,OMSOH,OM,0.0,53.0,2025-05-21 00:46:00
Hong Kong,COSCO SHIPPING GALAXY,SINGAPORE,2025-05-27 22:00:00,SGSIN PJSB,,9795634,Cargo,2025-05-20 20:12:18,-16.923283,64.686668,18.0,13.9,ANTWERP,24.200001,18.1,Laden,8906,2878,2025-05-27 11:17:00,HAMBURG,0.0,Normal Speed Transiting,198069,477269300,EAFR - East Africa,East Africa,ACTIVE,0.0,57,Underway using Engine,2019,399.9,58.6,,,VRSJ9,26.0,110.0,17.0,4.0,DEHAM,DE,2025-04-25 00:07:00,2025-04-30 14:08:00,BE,BEANR,SGSIN,SG,2.0,58.0,2025-05-21 00:18:00
Malta,SEAPROMISE,,2025-05-20 00:01:00,FOR ORDERS,,9934125,Tanker,2025-05-20 09:33:54,26.665667,-51.213772,12.8,7.0,GUAYANILLA,14.1,12.9,In Ballast,1029,0,,SARROCH,0.0,Normal Speed Transiting,49990,229273000,CARIBS - Caribbean Sea,Caribbean Sea,ACTIVE,0.0,56,Underway using Engine,2022,183.1,32.0,,,9HA5320,23.0,163.0,16.0,-3.0,ITPFX,IT,2025-04-30 11:30:00,2025-05-16 23:37:00,PR,PRGUY,,,,56.0,2025-05-21 03:14:00
Singapore,ONE ORPHEUS,SINGAPORE,2025-06-19 01:00:00,FR LEH -> SG SIN,,9313008,Cargo,2025-05-21 01:04:54,41.830017,-10.525545,16.0,10.8,LE HAVRE,18.200001,15.5,Partially Laden,721,7554,2025-06-10 20:27:00,HAMBURG,0.0,Normal Speed Transiting,104525,563061300,UKC - UK Coast & Atlantic,UK Coast & Atlantic,ACTIVE,,194,Underway using Engine,2008,336.0,45.8,,,9V5999,13.0,16.0,9.0,-1.0,DEHAM,DE,2025-05-14 23:07:00,2025-05-19 02:29:00,FR,FRLEH,SGSIN,SG,,197.0,2025-05-21 00:59:00
Singapore,NYK VIRGO,TOKYO,2025-05-24 20:00:00,USOAK-JPTYO,,9312810,Cargo,2025-05-21 01:03:49,45.77951,165.19893,14.0,13.7,OAKLAND,16.200001,13.8,Laden,3162,1383,2025-05-25 05:30:00,LOS ANGELES,0.0,Normal Speed Transiting,103284,563025600,NPAC - North Pacific,North Pacific,ACTIVE,,248,Underway using Engine,2007,338.2,45.6,,,9V5456,7.0,187.0,21.0,11.0,USLAX,US,2025-05-08 01:52:00,2025-05-11 16:40:00,US,USOAK,JPTYO,JP,,,2025-05-21 00:54:00
Hong Kong,OOCL ABU DHABI,SINGAPORE,2025-06-02 17:00:00,BEZEE=>SGSIN,,9922524,Cargo,2025-05-21 01:02:30,-29.878937,35.682693,15.1,13.6,ZEEBRUGGE,20.1,16.6,Partially Laden,7135,4674,2025-06-01 19:10:00,WILHELMSHAVEN,0.0,Sailing in high winds,224915,477929200,SAFR - South Africa,South Africa,ACTIVE,0.0,59,Underway using Engine,2024,400.0,61.0,,,VRVW8,22.0,15.0,32.0,2.0,DEWVN,DE,2025-04-30 11:07:00,2025-05-04 01:07:00,BE,BEZEE,SGSIN,SG,0.0,53.0,2025-05-21 00:55:00
Korea,HMM LE HAVRE,SINGAPORE,2025-06-07 10:00:00,SIN PWBGA,,9868314,Cargo,2025-05-19 16:56:27,-11.268677,-5.0961218,16.7,11.5,SOUTHAMPTON,17.700001,15.9,In Ballast,4158,7545,2025-06-09 02:58:00,HAMBURG,0.0,Normal Speed Transiting,232606,440488000,WAFR - West Africa,West Africa,ACTIVE,0.0,153,Underway using Engine,2020,399.9,61.0,,,D7JQ,21.0,117.0,22.0,0.0,DEHAM,DE,2025-05-03 13:52:00,2025-05-08 21:01:00,GB,GBSOU,SGSIN,SG,0.0,155.0,2025-05-21 00:40:00
Hong Kong,COSCO SHIPPING LIBRA,PORT KLANG,2025-05-25 02:00:00,PORT KELANG,,9783538,Cargo,2025-05-21 01:02:12,9.6611032,74.930252,19.2,11.5,KHALIFA,20.299999,19.700001,In Ballast,1619,1745,2025-05-24 17:17:00,DAMMAM,0.0,Normal Speed Transiting,201823,477172700,WCI - West Coast India,West Coast India,ACTIVE,0.0,145,Underway using Engine,2018,399.8,58.7,,,VRRV4,28.0,248.0,10.0,5.0,SADMM,SA,2025-05-15 08:56:00,2025-05-17 12:10:00,AE,AEKHL,MYPKG,MY,,,2025-05-21 01:02:00
Hong Kong,YINGHAO CONFIDENCE,GUANGZHOU,2025-05-13 12:00:00,GUANGZHOU,GUANGZHOU,9389978,Tanker,2025-05-17 10:01:55,23.0839,113.47872,0.2,7.8,MAP TA PHUT,13.1,8.1999998,In Ballast,1577,0,,RUWAIS,4.5,Arrived at Destination Port,107600,477015700,SCHINA - South China,South China,ACTIVE,,154,Stopped,2010,243.8,42.0,CNGZG,CN,VRWG8,,,,8.0,AERUW,AE,2025-04-20 04:36:00,2025-05-06 17:50:00,TH,THMAT,CNGZG,CN,0.0,113.0,2025-05-17 08:46:00
Germany,BUSAN EXPRESS,SALALAH,2025-06-11 14:30:00,OMSLL,,9540144,Cargo,2025-05-21 00:08:51,22.210754,-17.806038,20.7,13.4,ROTTERDAM MAASVLAKTE,21.200001,20.200001,Partially Laden,2135,5344,2025-06-01 14:32:00,BREMERHAVEN,0.0,Normal Speed Transiting,229348,218026640,WAFR - West Africa,West Africa,ACTIVE,0.0,194,Underway using Engine,2024,399.9,61.0,,,DPRP,19.0,27.0,24.0,-1.0,DEBRV,DE,2025-05-13 23:54:00,2025-05-16 10:18:00,NL,NLMSV,OMSLL,OM,-1.0,193.0,2025-05-21 00:03:00
Panama,EVER ALOT,YANTIAN,2025-05-20 14:00:00,TWKHH>CNYTN,YANTIAN,9893955,Cargo,2025-05-21 00:09:11,22.575563,114.28083,0.0,14.4,KAOHSIUNG,20.6,14.1,Partially Laden,344,0,,NINGBO,0.4,Arrived at Destination Port,241815,352001259,SCHINA - South China,South China,ACTIVE,0.0,248,Moored,2022,400.0,61.5,CNYTN,CN,3E4008,,,,8.0,CNNBG,CN,2025-05-15 07:12:00,2025-05-19 16:54:00,TW,TWKHH,CNYTN,CN,0.0,319.0,2025-05-20 14:24:00
Liberia,ONE INTEGRITY,ALGECIRAS,2025-05-24 07:00:00,FRLEH>>>>ESALG,,9933119,Cargo,2025-05-21 01:07:12,35.659454,-7.5388918,2.0,10.8,LE HAVRE,16.299999,9.6999998,In Ballast,1160,40,2025-05-21 06:00:00,HAMBURG,1.4,Drifting,223200,636022963,UKC - UK Coast & Atlantic,Gibraltar,ACTIVE,0.0,171,Underway using Engine,2023,400.0,61.0,,,5LLG5,19.0,359.0,17.0,0.0,DEHAM,DE,2025-05-09 07:07:00,2025-05-14 19:40:00,FR,FRLEH,ESALG,ES,0.0,73.0,2025-05-20 14:24:00
Panama,NYK OCEANUS,TOKYO,2025-01-06 06:00:00,JP TYO,,9312975,Cargo,2025-05-20 17:27:19,39.493912,-125.58243,12.6,12.0,OAKLAND,14.1,11.2,Laden,188,0,,LOS ANGELES,0.0,Normal Speed Transiting,104525,351249000,USWC - US West Coast,US West Coast,ACTIVE,,307,Underway using Engine,2007,336.0,45.8,,,3EMR8,11.0,346.0,19.0,-8.0,USLAX,US,2025-05-16 01:32:00,2025-05-20 00:42:00,US,USOAK,JPTYO,JP,-1.0,310.0,2025-05-21 00:20:00
Hong Kong,ONE FUTURE,SHANTOU,2025-05-24 16:00:00,VNCMP-CNSHA,,9936393,Cargo,2025-05-21 00:57:44,12.865883,110.75131,15.3,13.3,CAI MEP,16.299999,14.6,Partially Laden,319,2351,2025-05-27 19:10:00,LAEM CHABANG,0.0,Normal Speed Transiting,171947,477945100,SEASIA - South-East Asia,South-East Asia,ACTIVE,0.0,34,Underway using Engine,2024,366.0,51.0,,,VRVE5,28.0,154.0,3.0,7.0,THLCH,TH,2025-05-16 19:01:00,2025-05-20 03:33:00,VN,VNCMT,CNSTG,CN,0.0,36.0,2025-05-21 00:55:00
Hong Kong,COSCO SHIPPING SCORPIO,ROTTERDAM,2025-06-10 17:00:00,NL RTM,,9789635,Cargo,2025-05-21 00:59:01,-14.533152,68.265228,18.1,15.9,SINGAPORE,19.799999,18.0,Laden,2623,9195,2025-06-11 08:05:00,NINGBO,0.0,Normal Speed Transiting,196913,477183800,EAFR - East Africa,East Africa,ACTIVE,0.0,235,Underway using Engine,2018,400.0,58.8,,,VRRX5,26.0,136.0,17.0,5.0,CNNBG,CN,2025-05-09 01:18:00,2025-05-14 17:28:00,SG,SGSIN,NLRTM,NL,-1.0,234.0,2025-05-21 00:54:00
China,XIN DA LIAN,SHANGHAI,2025-06-03 15:00:00,CNSHA,,9234331,Cargo,2025-05-21 01:08:31,35.351799,-129.87708,15.8,10.7,CHANCAY,20.1,16.4,Partially Laden,4105,5162,2025-06-03 04:25:00,GUAYAQUIL,0.0,Normal Speed Transiting,69023,413050000,USWC - US West Coast,US West Coast,ACTIVE,,304,Underway using Engine,2003,279.9,40.3,,,BPAO,13.0,14.0,17.0,-9.0,ECGYE,EC,2025-05-05 05:23:00,2025-05-10 15:49:00,PE,PECHY,CNSHG,CN,1.0,307.0,2025-05-21 00:58:00
Panama,EVER GENIUS,PORT KLANG,2025-06-17 10:00:00,MY PKG,,9786815,Cargo,2025-05-21 01:05:14,49.913219,-3.0902133,17.7,11.6,ROTTERDAM MAASVLAKTE,20.799999,18.1,Partially Laden,316,7954,2025-06-08 21:35:00,HAMBURG,0.0,Normal Speed Transiting,199700,370121000,UKC - UK Coast & Atlantic,English Channel,ACTIVE,0.0,242,Underway using Engine,2018,400.0,59.0,,,3FJU4,13.0,323.0,7.0,0.0,DEHAM,DE,2025-05-14 19:56:00,2025-05-20 07:35:00,NL,NLMSV,MYPKG,MY,0.0,245.0,2025-05-21 01:00:00
Norway,CHAMPION ISTRA,PARANAGUA,2025-06-16 21:15:00,BRPNG,,9489209,Tanker,2025-05-20 15:45:42,5.4136834,98.341583,12.8,12.0,PASIR GUDANG,13.8,12.5,Laden,456,8722,2025-06-18 17:33:00,LUBUK GAUNG,1.3,Normal Speed Transiting,51655,257724000,INDO - Indonesia,Malacca Strait,ACTIVE,,312,Underway using Engine,2012,195.0,32.2,,,LAMK8,28.0,317.0,3.0,7.0,,ID,2025-05-14 11:25:00,2025-05-17 15:36:00,MY,MYPGU,BRPNG,BR,0.0,315.0,2025-05-20 15:46:00
Malta,VALIANT,NEW YORK,2025-06-04 08:00:00,USNYC,,9628178,Cargo,2025-05-20 06:14:04,-28.125338,13.508727,17.0,13.4,COLOMBO,22.200001,18.0,Laden,4819,16405,2025-06-27 07:57:00,SINGAPORE,0.0,Normal Speed Transiting,110876,229541000,WAFR - West Africa,West Africa,ACTIVE,,308,Underway using Engine,2013,300.0,48.3,,,9HA3391,17.0,146.0,26.0,1.0,SGSIN,SG,2025-05-02 12:50:00,2025-05-09 07:44:00,LK,LKCMB,USNYC,US,,,2025-05-21 00:40:00
Panama,ONE HAMBURG,HAMBURG,2025-05-14 04:00:00,DEHAM,HAMBURG,9395159,Cargo,2025-05-21 00:06:09,53.502567,9.9380169,0.0,11.3,ROTTERDAM MAASVLAKTE,17.0,8.5,Laden,319,0,,SINGAPORE,6.5,Arrived at Destination Port,103811,372724000,UKC - UK Coast & Atlantic,Elbe River,ACTIVE,,340,Moored,2009,336.0,45.8,DEHAM,DE,3FVW2,,,,2.0,SGSIN,SG,2025-04-06 08:01:00,2025-05-13 08:08:00,NL,NLMSV,DEHAM,DE,,357.0,2025-05-19 16:09:00
Panama,ONE HOUSTON,LOS ANGELES,2025-05-26 22:00:00,US LAX,,9566382,Cargo,2025-05-20 08:01:08,44.597866,-155.09134,17.2,11.2,TOKYO,19.0,17.0,Partially Laden,3010,1845,2025-05-24 21:16:00,NAGOYA,0.1,Normal Speed Transiting,96980,373485000,NPAC - North Pacific,North Pacific,ACTIVE,,98,Underway using Engine,2012,334.5,45.6,,,3FLC7,9.0,40.0,15.0,-10.0,JPNGO,JP,2025-05-08 20:40:00,2025-05-12 19:47:00,JP,JPTYO,USLAX,US,0.0,102.0,2025-05-21 00:26:00
Marshall Is,MARLIN LE HAVRE,GALLE,2025-05-23 01:00:00,GALLE,,9829904,Tanker,2025-05-20 03:59:33,6.3585033,95.300468,11.8,9.0,YEOSU,14.8,13.0,In Ballast,3096,905,2025-05-23 01:24:00,SHUAIBA,1.2,Normal Speed Transiting,111000,538007787,INDO - Indonesia,Malacca Strait,ACTIVE,0.0,291,Underway using Engine,2018,249.9,44.0,,,V7XN6,28.0,217.0,3.0,7.0,KWSAA,KW,2025-04-15 05:30:00,2025-05-08 16:59:00,KR,KRYOS,LKGAL,LK,0.0,289.0,2025-05-20 03:57:00
Panama,ONE HENRY HUDSON,SINGAPORE,2025-06-05 01:00:00,SG SIN,,9302176,Cargo,2025-05-21 00:50:25,-31.400696,15.517872,14.5,10.7,LE HAVRE,18.6,15.6,Partially Laden,5787,5868,2025-06-05 16:56:00,HAMBURG,0.0,Normal Speed Transiting,98849,370587000,SAFR - South Africa,South Africa,ACTIVE,,145,Underway using Engine,2008,336.0,45.8,,,3ETK4,16.0,211.0,18.0,1.0,DEHAM,DE,2025-05-02 21:14:00,2025-05-06 09:36:00,FR,FRLEH,SGSIN,SG,,,2025-05-21 00:50:00
Germany,DAMIETTA EXPRESS,NINGBO,2025-05-23 17:30:00,CNNBG,,9543108,Cargo,2025-05-20 14:16:22,11.849323,110.98505,17.8,10.9,SINGAPORE,20.200001,18.200001,In Ballast,783,1305,2025-05-23 13:16:00,SALALAH,0.0,Normal Speed Transiting,224999,218038370,INDO - Indonesia,Indonesia,ACTIVE,0.0,31,Underway using Engine,2024,399.9,61.0,,,DFPD2,28.0,136.0,5.0,7.0,OMSLL,OM,2025-05-09 06:43:00,2025-05-18 18:44:00,SG,SGSIN,CNNBG,CN,-1.0,35.0,2025-05-20 17:50:00
Germany,MANILA EXPRESS,SALALAH,2025-06-04 14:30:00,NLRTM > OMSLL,,9540120,Cargo,2025-05-19 03:20:42,2.310725,-11.947875,18.6,13.6,ROTTERDAM MAASVLAKTE,20.799999,16.9,Partially Laden,3452,6239,2025-06-02 10:33:00,BREMERHAVEN,0.0,Normal Speed Transiting,229348,218006290,WAFR - West Africa,West Africa,ACTIVE,0.0,145,Underway using Engine,2023,399.9,61.0,,,DCAU2,24.0,130.0,21.0,0.0,DEBRV,DE,2025-05-08 21:47:00,2025-05-11 11:54:00,NL,NLMSV,OMSLL,OM,0.0,144.0,2025-05-21 00:51:00
Panama,EVER ACE,COLOMBO,2025-05-27 03:30:00,NL RTM>LK CMB,,9893890,Cargo,2025-05-21 00:53:39,-16.239294,57.071781,13.8,15.1,ROTTERDAM MAASVLAKTE,19.700001,14.0,Laden,8634,1944,2025-05-26 19:48:00,HAMBURG,0.0,Normal Speed Transiting,241960,352986146,EAFR - East Africa,East Africa,ACTIVE,0.0,47,Underway using Engine,2021,399.9,61.5,,,3E2382,26.0,136.0,17.0,4.0,DEHAM,DE,2025-04-19 20:49:00,2025-04-24 22:43:00,NL,NLMSV,LKCMB,LK,,,2025-05-21 00:54:00
United Kingdom,STENA IMPERATOR,RODEO,2025-06-05 18:00:00,KRUSN>>USRD4,,9797383,Tanker,2025-05-20 17:55:02,37.353291,133.40263,12.3,11.0,ONSAN,13.6,11.4,Laden,241,4688,2025-06-07 04:32:00,MAILIAO,0.0,Normal Speed Transiting,49690,232007939,JAPAN - Japan Coast,Japan Coast,ACTIVE,0.0,52,Underway using Engine,2017,183.0,32.0,,,MAZS9,15.0,218.0,16.0,9.0,TWMLI,TW,2025-05-09 22:59:00,2025-05-19 22:28:00,KR,KRONS,USRD4,US,0.0,51.0,2025-05-20 17:55:00
Marshall Is,ARDMORE SEAVANTAGE,MONTEGO BAY,2025-05-21 13:05:00,JMMBJ,,9637076,Tanker,2025-05-21 00:58:53,17.494526,-77.072197,12.3,7.8,KINGSTON,13.3,10.4,In Ballast,45,126,2025-05-21 11:30:00,ARUBA,0.0,Normal Speed Transiting,49997,538005248,CARIBS - Caribbean Sea,Caribbean Sea,ACTIVE,,251,Underway using Engine,2014,183.0,32.2,,,V7CD9,28.0,92.0,16.0,-5.0,AWAUA,AW,2025-05-17 00:58:00,2025-05-20 21:00:00,JM,JMKIN,JMMBJ,JM,0.0,251.0,2025-05-21 00:55:00
Liberia,ONE INNOVATION,ROTTERDAM,2025-05-28 22:00:00,NLRTM,,9939137,Cargo,2025-05-21 00:11:34,25.463535,-16.163715,10.3,14.9,SINGAPORE,17.6,10.3,Laden,9863,1922,2025-05-28 19:07:00,CAI MEP,0.0,Normal Speed Transiting,225405,636022889,WAFR - West Africa,West Africa,ACTIVE,0.0,26,Underway using Engine,2023,400.0,61.4,,,5LKX7,19.0,43.0,22.0,-1.0,VNCMT,VN,2025-04-17 09:29:00,2025-04-21 22:54:00,SG,SGSIN,NLRTM,NL,,,2025-05-20 23:56:00
Germany,HANOI EXPRESS,SINGAPORE,2025-05-24 15:00:00,SGSIN PWBGA,,9540132,Cargo,2025-05-20 09:57:05,-10.45701,73.846634,17.7,13.7,SOUTHAMPTON,20.299999,17.5,Laden,9361,2223,2025-05-25 20:31:00,ANTWERP,0.0,Normal Speed Transiting,229348,211120000,SIND - South Indian Ocean,South Indian Ocean,ACTIVE,0.0,50,Underway using Engine,2023,399.9,61.0,,,DFYX2,27.0,189.0,8.0,5.0,BEANR,BE,2025-04-25 07:14:00,2025-04-28 07:43:00,GB,GBSOU,SGSIN,SG,,,2025-05-20 23:46:00
Panama,NYK VEGA,LOS ANGELES,2025-05-19 12:00:00,US LAX,LOS ANGELES,9312781,Cargo,2025-05-21 01:06:48,33.753891,-118.26373,0.1,12.7,TOKYO,21.200001,7.3000002,Laden,4873,0,,NAGOYA,1.5,Arrived at Destination Port,103310,372218000,USWC - US West Coast,US West Coast,ACTIVE,,133,Moored,2006,338.2,45.6,USLAX,US,3EIJ5,,,,-7.0,JPNGO,JP,2025-05-05 02:58:00,2025-05-07 15:48:00,JP,JPTYO,USLAX,US,0.0,44.0,2025-05-19 12:43:00
Hong Kong,COSCO SHIPPING UNIVERSE,SHANTOU,2025-06-16 19:30:00,CN SHA,,9795610,Cargo,2025-05-21 01:04:35,5.0956602,-13.249592,17.7,13.5,ANTWERP,21.200001,18.200001,Partially Laden,3240,10150,2025-06-13 07:14:00,HAMBURG,0.0,Normal Speed Transiting,198485,477157400,WAFR - West Africa,West Africa,ACTIVE,0.0,146,Underway using Engine,2018,399.9,58.8,,,VRRP4,28.0,190.0,11.0,-1.0,DEHAM,DE,2025-05-08 19:48:00,2025-05-13 13:31:00,BE,BEANR,CNSTG,CN,0.0,147.0,2025-05-21 01:00:00
Marshall Is,MARLIN LA PLATA,,2025-05-28 17:00:00,USLU8,NEW ORLEANS,9823560,Tanker,2025-05-21 01:03:32,29.956499,-90.302879,0.0,13.0,FREEPORT,15.6,7.5999999,Laden,1677,0,,RIO DE JANEIRO,11.6,Tugging,115000,538009852,USG - Gulf of Mexico,Gulf of Mexico,ACTIVE,0.0,252,At Anchor,2022,249.8,44.0,USMSY,US,V7A5254,29.0,214.0,11.0,-5.0,BRRIO,BR,2025-04-11 17:50:00,2025-05-01 19:53:00,BS,BSFPO,,,0.0,227.0,2025-05-18 07:07:00
Panama,ULTRA FOREST,TOPOLOBAMPO,1900-01-01 00:00:00,MX TPB,TOPOLOBAMPO ANCH,9873888,Cargo,2025-05-21 00:59:02,25.492079,-109.18768,0.0,7.0,PUERTO SANDINO,12.3,8.1999998,In Ballast,1605,0,,GUAYAQUIL,2.2,Waiting at Destination Anchorage,40261,356882000,WCCA - West Coast Central America,Gulf of California,ACTIVE,0.0,234,At Anchor,2020,179.9,30.0,,MX,3FEM6,24.0,290.0,12.0,-7.0,ECGYE,EC,2025-04-10 01:27:00,2025-05-12 15:49:00,NI,NIPSN,MXTPB,MX,0.0,296.0,2025-05-18 20:57:00
Liberia,HIGH TRANSPORTER,TALCAHUANO,2025-05-19 12:00:00,TALCHUANO,CONCEPCION BAY,9812743,Tanker,2025-05-21 00:57:54,-36.66291,-73.069397,0.0,8.0,CALBUCO,15.8,8.1999998,In Ballast,428,0,,CONCEPCION BAY,1.8,Waiting at Destination Anchorage,51504,636024121,WCSA - West South America,West South America,ACTIVE,0.0,298,At Anchor,2017,186.0,32.2,,CL,5LRB8,,,,-4.0,,CL,2025-05-13 09:51:00,2025-05-17 13:14:00,CL,CLCBC,CLTAL,CL,0.0,206.0,2025-05-19 12:25:00
Norway,THALE VICTORY,,2025-05-22 10:00:00,WANDELAAR PS,,9365817,Tanker,2025-05-21 01:09:20,49.632027,-5.8145652,11.0,7.2,LIVERPOOL,14.6,11.1,In Ballast,568,0,,ROTTERDAM WAALHAVEN,7.9,Normal Speed Transiting,51088,257876000,UKC - UK Coast & Atlantic,Celtic Sea,ACTIVE,,89,Underway using Engine,2006,183.0,32.2,,,LAPG8,14.0,357.0,5.0,0.0,NLWAL,NL,2025-05-03 22:08:00,2025-05-10 20:31:00,GB,GBLIV,,,-5.0,88.0,2025-05-21 00:59:00
Panama,EVER GRADE,VALENCIA,2025-05-22 14:00:00,ESVLC,,9820855,Cargo,2025-05-21 03:23:11,39.271236,0.52221835,0.3,13.1,FOS SUR MER,13.3,6.1999998,Laden,366,0,,GENOVA,5.9,Waiting OPL - Drifting,198886,357463000,WMED - West Mediterranean,Balearic Sea,ACTIVE,0.0,273,Stopped,2019,400.0,59.0,,,3FZS6,19.0,352.0,5.0,1.0,ITGOA,IT,2025-05-11 05:47:00,2025-05-13 21:55:00,FR,FRFOS,ESVLC,ES,0.0,146.0,2025-05-20 15:14:00
United Kingdom,BRITISH SAILOR,ANTWERP,2025-05-15 08:45:00,BE ANR,ANTWERP ANCH,9724673,Tanker,2025-05-21 01:03:06,51.433552,2.6106818,0.0,11.3,NEMRUT,16.200001,8.1999998,Laden,2976,0,,TENERIFE,5.6,Waiting at Destination Anchorage,45999,235113767,UKC - UK Coast & Atlantic,North Sea,ACTIVE,0.0,57,At Anchor,2016,183.0,32.0,,BE,2IYG9,12.0,344.0,4.0,2.0,ESSCT,ES,2025-04-24 03:44:00,2025-05-05 15:55:00,TR,TRNEM,BEANR,BE,-4.0,22.0,2025-05-15 09:05:00
Bahamas,GULF MUTTRAH,LOME,2025-05-28 05:00:00,TGLFW,,9381835,Tanker,2025-05-21 00:59:14,20.908487,-18.173929,12.8,11.3,LAVERA,14.1,12.8,Laden,1973,1921,2025-05-27 07:17:00,GENOVA,0.3,Normal Speed Transiting,46556,311015200,WAFR - West Africa,West Africa,ACTIVE,,193,Underway using Engine,2009,183.0,32.2,,,C6XN7,19.0,21.0,23.0,-1.0,ITGOA,IT,2025-05-11 10:49:00,2025-05-14 02:12:00,FR,FRLAV,TGLFW,TG,0.0,189.0,2025-05-21 00:55:00
Panama,SEASONS I,PARADIP,2025-05-20 07:00:00,IN PRT,PARADIP,9308950,Tanker,2025-05-21 00:13:23,20.087944,86.723541,0.0,14.8,PRIMORSK,14.1,10.8,Laden,8848,0,,UST-LUGA ANCH,2.0,Arrived at Destination Port,109647,352005336,ECI - East Coast India,Bengal Bay,ACTIVE,,59,Stopped,2006,244.6,42.0,INPRT,IN,3E8627,29.0,192.0,11.0,5.5,,RU,2025-04-09 21:52:00,2025-04-11 15:04:00,RU,RUPRI,INPRT,IN,0.0,173.0,2025-05-20 04:29:00
Marshall Is,HAFNIA VIOLETTE,JIANGYIN,2025-05-24 20:00:00,CN JIA,,9690626,Tanker,2025-05-20 21:38:24,11.286203,120.39597,11.8,8.0,PEMANCINGAN ANCH,12.3,9.1999998,In Ballast,985,1448,2025-05-26 04:37:00,SINGAPORE,1.2,Normal Speed Transiting,49126,538005991,PHIL - Philippines,Sulu Sea,ACTIVE,,13,Underway using Engine,2015,183.0,32.2,,,V7IH3,29.0,147.0,6.0,8.0,SGSIN,SG,2025-05-08 16:44:00,2025-05-15 20:29:00,ID,,CNJIA,CN,,,2025-05-20 21:38:00
Taiwan,EVER ART,ROTTERDAM,2025-05-24 03:00:00,SGSIN > NLRTM,,9893943,Cargo,2025-05-20 17:55:02,31.330906,-13.85128,18.1,16.5,SINGAPORE,23.200001,18.5,Laden,10242,1551,2025-05-24 05:50:00,YANTIAN,0.0,Normal Speed Transiting,241960,416071000,WAFR - West Africa,West Africa,ACTIVE,0.0,15,Underway using Engine,2022,400.0,62.0,,,BHJH,18.0,48.0,20.0,0.0,CNYTN,CN,2025-04-23 21:21:00,2025-04-28 14:28:00,SG,SGSIN,NLRTM,NL,-1.0,17.0,2025-05-20 22:06:00
Singapore,M BRIGIT,SINGAPORE,2025-05-27 22:00:00,SG PWBGA,,9340582,Tanker,2025-05-20 23:16:38,11.061733,74.56279,12.0,6.4,MOGADISHU,13.6,12.0,In Ballast,3367,1995,2025-05-27 21:19:00,HAMRIYA FREE ZONE,3.0,Normal Speed Transiting,29017,563237200,WCI - West Coast India,West Coast India,ACTIVE,,125,Underway using Engine,2006,175.2,29.2,,,9V3565,28.0,244.0,8.0,5.0,AEHZP,AE,2025-04-26 22:12:00,2025-05-06 06:36:00,SO,SOMGQ,SGSIN,SG,,,2025-05-20 23:17:00
Panama,ON PRECIOUS,DUQM,2025-05-25 14:00:00,OMDQM,,9893216,Tanker,2025-05-21 01:07:29,6.8091149,77.201996,11.3,8.6,YEOSU,14.6,11.5,In Ballast,4194,1380,2025-05-26 02:18:00,YEOSU,3.4,Normal Speed Transiting,114623,353615000,ECI - East Coast India,Laccadive Sea,ACTIVE,0.0,299,Underway using Engine,2021,250.0,44.0,,,HP9936,28.0,276.0,17.0,5.0,KRYOS,KR,2025-04-29 04:14:00,2025-05-03 11:14:00,KR,KRYOS,OMDQM,OM,9.0,300.0,2025-05-21 00:58:00
Liberia,ONE INTELLIGENCE,SINGAPORE,2025-05-27 14:00:00,SG SIN PWBGA,,9933121,Cargo,2025-05-20 05:58:14,-8.2243681,77.091789,12.6,14.1,SOUTHAMPTON,20.6,13.0,Partially Laden,9580,2002,2025-05-27 06:17:00,ANTWERP,0.0,Normal Speed Transiting,224986,636023310,SIND - South Indian Ocean,South Indian Ocean,ACTIVE,0.0,54,Underway using Engine,2023,400.0,61.0,,,5LNB8,28.0,213.0,11.0,5.0,BEANR,BE,2025-04-16 12:41:00,2025-04-20 17:22:00,GB,GBSOU,SGSIN,SG,,,2025-05-20 23:40:00
